{"_timestamp":1.732305261888603e+09,"_runtime":169.334968,"_step":4,"train_loss":8.376644134521484,"_wandb":{"runtime":190},"epoch":0,"trainer/global_step":249}