{"_wandb":{"runtime":6578},"epoch":2,"trainer/global_step":10649,"_timestamp":1.732320795044021e+09,"_runtime":6574.325756,"_step":214,"train_loss":5.9094743728637695,"val_loss":5.909447193145752}